Step,AgentID,FloodDamageEstimated,IsAdapted,FriendsCount,belief,Stubornness,Friends
0,0,0.7378774960055131,False,3,0.7378774960055131,4,
0,1,0.540873234376262,False,3,0.540873234376262,4,
0,2,0.6649439426554884,False,5,0.6649439426554884,1,
0,3,0.4396727459691474,False,4,0.4396727459691474,4,
0,4,0.0,False,3,0.0,3,
0,5,0.48892467303615195,False,3,0.48892467303615195,2,
0,6,0.0,False,3,0.0,4,
0,7,0.35046939112207554,False,6,0.35046939112207554,1,
0,8,0.45990268730614514,False,5,0.45990268730614514,4,
0,9,0.5014008359681293,False,5,0.5014008359681293,4,
0,10,0.41561389896693895,False,3,0.41561389896693895,2,
0,11,0.0,False,6,0.0,2,
0,12,0.9544617994677029,False,4,0.9544617994677029,4,
0,13,0.6309116072571664,False,3,0.6309116072571664,4,
0,14,0.4533912821895797,False,5,0.4533912821895797,4,
0,15,0.0,False,4,0.0,3,
0,16,0.854598791102104,False,3,0.854598791102104,3,
0,17,0.8812278935564415,False,4,0.8812278935564415,1,
0,18,0.49742889631493115,False,3,0.49742889631493115,4,
0,19,0.4070583920849874,False,3,0.4070583920849874,3,
0,20,0.8617812811084906,False,3,0.8617812811084906,3,
0,21,0.5782789392377216,False,5,0.5782789392377216,2,
0,22,0.618622208063434,False,3,0.618622208063434,4,
0,23,0.6538225075430639,False,6,0.6538225075430639,4,
0,24,0.3721945353520828,False,6,0.3721945353520828,4,
0,25,0.0,False,4,0.0,2,
0,26,0.43206660443849854,False,4,0.43206660443849854,3,
0,27,0.0,False,3,0.0,3,
0,28,0.5079949890488851,False,5,0.5079949890488851,2,
0,29,0.0,False,6,0.0,2,
0,30,0.7464134037385155,False,3,0.7464134037385155,1,
0,31,0.0,False,4,0.0,1,
0,32,0.8899732769152223,False,5,0.8899732769152223,3,
0,33,0.0,False,3,0.0,4,
0,34,0.344195505790037,False,3,0.344195505790037,1,
0,35,0.0,False,4,0.0,2,
0,36,1.0,False,5,1.0,4,
0,37,0.8172065990323201,False,4,0.8172065990323201,4,
0,38,0.7084592993380032,False,5,0.7084592993380032,2,
0,39,0.5164143356527653,False,5,0.5164143356527653,1,
0,40,0.5372628181586248,False,2,0.5372628181586248,4,
0,41,0.6101049058734327,False,3,0.6101049058734327,2,
0,42,0.49091770975788773,False,3,0.49091770975788773,3,
0,43,0.7643012331401187,False,5,0.7643012331401187,4,
0,44,0.0,False,3,0.0,1,
0,45,0.34832200764502136,False,3,0.34832200764502136,3,
0,46,0.6252846926806552,False,4,0.6252846926806552,4,
0,47,0.6225391968483914,False,5,0.6225391968483914,4,
0,48,0.6085771841113498,False,4,0.6085771841113498,3,
0,49,0.568012779872437,False,4,0.568012779872437,2,
1,0,0.7378774960055131,True,3,0.6596667722609398,4,
1,1,0.540873234376262,True,3,0.5423800524867236,4,
1,2,0.6649439426554884,True,5,0.56698506170978,1,
1,3,0.4396727459691474,False,4,0.41625747838821864,4,
1,4,0.0,False,3,0.149695148577583,3,
1,5,0.48892467303615195,False,3,0.373146404772791,2,
1,6,0.0,False,3,0.09855110533780512,4,
1,7,0.35046939112207554,True,6,0.5392614249139837,1,
1,8,0.45990268730614514,False,5,0.34593310924310144,4,
1,9,0.5014008359681293,False,5,0.4301973128817749,4,
1,10,0.41561389896693895,False,3,0.28020831704691995,2,
1,11,0.0,False,6,0.4101671102240091,2,
1,12,0.9544617994677029,True,4,0.8897517610255956,4,
1,13,0.6309116072571664,True,3,0.6105943990751138,4,
1,14,0.4533912821895797,True,5,0.5593513860753022,4,
1,15,0.0,False,4,0.34443044878813767,3,
1,16,0.854598791102104,True,3,0.8556710579854127,3,
1,17,0.8812278935564415,True,4,0.5212383219746236,1,
1,18,0.49742889631493115,True,3,0.5385026924685712,4,
1,19,0.4070583920849874,False,3,0.3415221498767856,3,
1,20,0.8617812811084906,True,3,0.7445041268943485,3,
1,21,0.5782789392377216,True,5,0.5423172281785907,2,
1,22,0.618622208063434,True,3,0.5693199823145465,4,
1,23,0.6538225075430639,True,6,0.5642510369543843,4,
1,24,0.3721945353520828,False,6,0.3559112148415648,4,
1,25,0.0,False,4,0.3071524775137362,2,
1,26,0.43206660443849854,False,4,0.35429159388159626,3,
1,27,0.0,False,3,0.1329117925845411,3,
1,28,0.5079949890488851,False,5,0.3300941737005984,2,
1,29,0.0,False,6,0.22549880919674856,2,
1,30,0.7464134037385155,True,3,0.596183908362888,1,
1,31,0.0,False,4,0.3636164684990621,1,
1,32,0.8899732769152223,True,5,0.795483425449406,3,
1,33,0.0,False,3,0.0,4,
1,34,0.344195505790037,False,3,0.48297782372013714,1,
1,35,0.0,False,4,0.08946630205641797,2,
1,36,1.0,True,5,0.9017050507024184,4,
1,37,0.8172065990323201,True,4,0.7947918815399162,4,
1,38,0.7084592993380032,True,5,0.7178193915658581,2,
1,39,0.5164143356527653,True,5,0.5023162533914184,1,
1,40,0.5372628181586248,True,2,0.5279937964784773,4,
1,41,0.6101049058734327,True,3,0.5972774983382225,2,
1,42,0.49091770975788773,False,3,0.4859221828244007,3,
1,43,0.7643012331401187,True,5,0.6672770998643538,4,
1,44,0.0,False,3,0.07602422425559101,1,
1,45,0.34832200764502136,False,3,0.42317992518250375,3,
1,46,0.6252846926806552,True,4,0.6453995323594425,4,
1,47,0.6225391968483914,True,5,0.5866057760933254,4,
1,48,0.6085771841113498,True,4,0.6327856103302152,3,
1,49,0.568012779872437,True,4,0.6045759334365991,2,
2,0,0.7378774960055131,True,3,0.6119886472718962,4,
2,1,0.540873234376262,True,3,0.5230635906215713,4,
2,2,0.6649439426554884,True,5,0.5115487697801734,1,
2,3,0.4396727459691474,False,4,0.42067654875433186,4,
2,4,0.0,False,3,0.2457126098433703,3,
2,5,0.48892467303615195,False,3,0.35287475156397313,2,
2,6,0.0,False,3,0.1562899026134963,4,
2,7,0.35046939112207554,True,6,0.5236885679457057,1,
2,8,0.45990268730614514,False,5,0.3495888606044036,4,
2,9,0.5014008359681293,False,5,0.40454267920377573,4,
2,10,0.41561389896693895,False,3,0.35023380263698684,2,
2,11,0.0,False,6,0.4272751033607668,2,
2,12,0.9544617994677029,True,4,0.8334981649534294,4,
2,13,0.6309116072571664,True,3,0.6134241675481994,4,
2,14,0.4533912821895797,True,5,0.5777895921659782,4,
2,15,0.0,False,4,0.49401976886443055,3,
2,16,0.854598791102104,True,3,0.7554323516818596,3,
2,17,0.8812278935564415,True,4,0.43748968064220084,1,
2,18,0.49742889631493115,True,3,0.5411424645943799,4,
2,19,0.4070583920849874,False,3,0.3058934922469487,3,
2,20,0.8617812811084906,True,3,0.6766127597285428,3,
2,21,0.5782789392377216,True,5,0.4928643706342617,2,
2,22,0.618622208063434,True,3,0.5266215046636298,4,
2,23,0.6538225075430639,True,6,0.5061545335126116,4,
2,24,0.3721945353520828,False,6,0.39086256768614724,4,
2,25,0.0,False,4,0.38683477423776996,2,
2,26,0.43206660443849854,False,4,0.35695768023255453,3,
2,27,0.0,False,3,0.1889237129051148,3,
2,28,0.5079949890488851,False,5,0.31787546679451784,2,
2,29,0.0,False,6,0.3293074108258907,2,
2,30,0.7464134037385155,True,3,0.4851769729744775,1,
2,31,0.0,False,4,0.441839693810966,1,
2,32,0.8899732769152223,True,5,0.6570555786091808,3,
2,33,0.0,False,3,0.026004315720264223,4,
2,34,0.344195505790037,False,3,0.48070653973993466,1,
2,35,0.0,False,4,0.13146634150597442,2,
2,36,1.0,True,5,0.7778657317233366,4,
2,37,0.8172065990323201,True,4,0.7787805392500083,4,
2,38,0.7084592993380032,True,5,0.637246332318749,2,
2,39,0.5164143356527653,True,5,0.49097014594480815,1,
2,40,0.5372628181586248,True,2,0.519579473747662,4,
2,41,0.6101049058734327,True,3,0.574653138995405,2,
2,42,0.49091770975788773,True,3,0.5089265667952185,3,
2,43,0.7643012331401187,True,5,0.617366142073669,4,
2,44,0.0,False,3,0.11787306556780434,1,
2,45,0.34832200764502136,False,3,0.4678777037018981,3,
2,46,0.6252846926806552,True,4,0.644793211264814,4,
2,47,0.6225391968483914,True,5,0.5787501489312155,4,
2,48,0.6085771841113498,True,4,0.6274316013862126,3,
2,49,0.568012779872437,True,4,0.6083337147571697,2,
3,0,0.7378774960055131,True,3,0.5827538308353958,4,
3,1,0.540873234376262,True,3,0.5022493474096956,4,
3,2,0.6649439426554884,True,5,0.47925665835207415,1,
3,3,0.4396727459691474,False,4,0.4293152589928207,4,
3,4,0.0,False,3,0.3027283696817658,3,
3,5,0.48892467303615195,False,3,0.35612318379215274,2,
3,6,0.0,False,3,0.20183765056244476,4,
3,7,0.35046939112207554,True,6,0.4794317260087577,1,
3,8,0.45990268730614514,False,5,0.366564407562989,4,
3,9,0.5014008359681293,False,5,0.40439317691043886,4,
3,10,0.41561389896693895,False,3,0.3875471762215718,2,
3,11,0.0,False,6,0.4238993794234946,2,
3,12,0.9544617994677029,True,4,0.789132587046533,4,
3,13,0.6309116072571664,True,3,0.6166065440254584,4,
3,14,0.4533912821895797,True,5,0.5693250906528933,4,
3,15,0.0,True,4,0.5414365546666065,3,
3,16,0.854598791102104,True,3,0.6912851184366473,3,
3,17,0.8812278935564415,True,4,0.4095911282086433,1,
3,18,0.49742889631493115,True,3,0.5311690065289564,4,
3,19,0.4070583920849874,False,3,0.2885461517350809,3,
3,20,0.8617812811084906,True,3,0.6310435609102295,3,
3,21,0.5782789392377216,True,5,0.45424514593776627,2,
3,22,0.618622208063434,True,3,0.4994538854212534,4,
3,23,0.6538225075430639,True,6,0.49786756765216245,4,
3,24,0.3721945353520828,False,6,0.41739914015102864,4,
3,25,0.0,False,4,0.41706642827725593,2,
3,26,0.43206660443849854,False,4,0.38006044085089413,3,
3,27,0.0,False,3,0.22759168101409957,3,
3,28,0.5079949890488851,False,5,0.34072565681056594,2,
3,29,0.0,False,6,0.3780889660943662,2,
3,30,0.7464134037385155,True,3,0.492631750725034,1,
3,31,0.0,False,4,0.44625436506980837,1,
3,32,0.8899732769152223,True,5,0.5996949230229781,3,
3,33,0.0,False,3,0.05697219529563256,4,
3,34,0.344195505790037,False,3,0.46780397027825044,1,
3,35,0.0,False,4,0.1556630388083431,2,
3,36,1.0,True,5,0.6859148218135119,4,
3,37,0.8172065990323201,True,4,0.7499059158916845,4,
3,38,0.7084592993380032,True,5,0.5884080475188507,2,
3,39,0.5164143356527653,True,5,0.47815634660042483,1,
3,40,0.5372628181586248,True,2,0.5174488923571733,4,
3,41,0.6101049058734327,True,3,0.5515860197418252,2,
3,42,0.49091770975788773,True,3,0.5295988624745132,3,
3,43,0.7643012331401187,True,5,0.5901931516314197,4,
3,44,0.0,False,3,0.14737975267733666,1,
3,45,0.34832200764502136,False,3,0.4978587170021389,3,
3,46,0.6252846926806552,True,4,0.6290248467128624,4,
3,47,0.6225391968483914,True,5,0.577739430573323,4,
3,48,0.6085771841113498,True,4,0.6149912074066084,3,
3,49,0.568012779872437,True,4,0.60171890716179,2,
4,0,0.7378774960055131,True,3,0.5653496203481542,4,
4,1,0.540873234376262,True,3,0.4850116518526374,4,
4,2,0.6649439426554884,True,5,0.4541201738417505,1,
4,3,0.4396727459691474,False,4,0.43518226549329286,4,
4,4,0.0,False,3,0.3357335922321099,3,
4,5,0.48892467303615195,False,3,0.36317731047887986,2,
4,6,0.0,False,3,0.23998731013056726,4,
4,7,0.35046939112207554,True,6,0.46266090314728747,1,
4,8,0.45990268730614514,False,5,0.3796596710733623,4,
4,9,0.5014008359681293,False,5,0.40969243852482895,4,
4,10,0.41561389896693895,False,3,0.40442117780975356,2,
4,11,0.0,False,6,0.4240895367961888,2,
4,12,0.9544617994677029,True,4,0.7543217458989785,4,
4,13,0.6309116072571664,True,3,0.6152303793434548,4,
4,14,0.4533912821895797,True,5,0.5581013047460124,4,
4,15,0.0,True,4,0.5550420665564142,3,
4,16,0.854598791102104,True,3,0.6472529751224391,3,
4,17,0.8812278935564415,True,4,0.39910643927494976,1,
4,18,0.49742889631493115,True,3,0.5175091235692972,4,
4,19,0.4070583920849874,False,3,0.281516570677019,3,
4,20,0.8617812811084906,True,3,0.5981737343755329,3,
4,21,0.5782789392377216,True,5,0.4300629019780713,2,
4,22,0.618622208063434,True,3,0.48302775755130706,4,
4,23,0.6538225075430639,True,6,0.500041692377995,4,
4,24,0.3721945353520828,False,6,0.43408161678213986,4,
4,25,0.0,False,4,0.43566447759449434,2,
4,26,0.43206660443849854,False,4,0.4043225181086474,3,
4,27,0.0,False,3,0.26177625896210316,3,
4,28,0.5079949890488851,False,5,0.36411027215742975,2,
4,29,0.0,False,6,0.40338800973327377,2,
4,30,0.7464134037385155,True,3,0.5014332100099204,1,
4,31,0.0,False,4,0.4437615170125681,1,
4,32,0.8899732769152223,True,5,0.5699332341408341,3,
4,33,0.0,False,3,0.08657091476701702,4,
4,34,0.344195505790037,False,3,0.46042413437139595,1,
4,35,0.0,False,4,0.1731486840195374,2,
4,36,1.0,True,5,0.61909959188309,4,
4,37,0.8172065990323201,True,4,0.717088288578053,4,
4,38,0.7084592993380032,True,5,0.5541633289769907,2,
4,39,0.5164143356527653,True,5,0.4689861220409412,1,
4,40,0.5372628181586248,True,2,0.5198788863806413,4,
4,41,0.6101049058734327,True,3,0.5320894261504252,2,
4,42,0.49091770975788773,True,3,0.5429694950863124,3,
4,43,0.7643012331401187,True,5,0.5739985476504178,4,
4,44,0.0,False,3,0.1714329573991157,1,
4,45,0.34832200764502136,True,3,0.5190626860243099,3,
4,46,0.6252846926806552,True,4,0.6124746823843543,4,
4,47,0.6225391968483914,True,5,0.577493232534558,4,
4,48,0.6085771841113498,True,4,0.6020932669676949,3,
4,49,0.568012779872437,True,4,0.5927612228865836,2,
5,0,0.7378774960055131,True,3,0.5556352799870934,4,
5,1,0.540873234376262,True,3,0.47075976912110934,4,
5,2,0.6649439426554884,True,5,0.437651268379427,1,
5,3,0.4396727459691474,False,4,0.43782956038116616,4,
5,4,0.0,False,3,0.3570421488960771,3,
5,5,0.48892467303615195,False,3,0.3719407397167489,2,
5,6,0.0,False,3,0.2720964463391514,4,
5,7,0.35046939112207554,True,6,0.4570295154391623,1,
5,8,0.45990268730614514,False,5,0.38967909882874263,4,
5,9,0.5014008359681293,False,5,0.41520238614666105,4,
5,10,0.41561389896693895,False,3,0.41329300276762887,2,
5,11,0.0,False,6,0.4261429600481221,2,
5,12,0.9544617994677029,True,4,0.7262301270208368,4,
5,13,0.6309116072571664,True,3,0.610317221953189,4,
5,14,0.4533912821895797,True,5,0.5482632872171885,4,
5,15,0.0,True,4,0.5566668897849069,3,
5,16,0.854598791102104,True,3,0.6155263055493896,3,
5,17,0.8812278935564415,True,4,0.39541587237215203,1,
5,18,0.49742889631493115,True,3,0.5037019161476043,4,
5,19,0.4070583920849874,False,3,0.28043623033951115,3,
5,20,0.8617812811084906,True,3,0.5735189768795073,3,
5,21,0.5782789392377216,True,5,0.4161998986107219,2,
5,22,0.618622208063434,True,3,0.47322391124800217,4,
5,23,0.6538225075430639,True,6,0.5033025162330484,4,
5,24,0.3721945353520828,False,6,0.4448181301127588,4,
5,25,0.0,False,4,0.4497731423011077,2,
5,26,0.43206660443849854,False,4,0.4246340578954531,3,
5,27,0.0,False,3,0.29269052991025263,3,
5,28,0.5079949890488851,False,5,0.3826838840903944,2,
5,29,0.0,False,6,0.4187285860186181,2,
5,30,0.7464134037385155,True,3,0.5040159158479209,1,
5,31,0.0,False,4,0.4426959905007823,1,
5,32,0.8899732769152223,True,5,0.55204796941371,3,
5,33,0.0,False,3,0.11331127891143479,4,
5,34,0.344195505790037,False,3,0.4572595164723221,1,
5,35,0.0,False,4,0.1880383224065595,2,
5,36,1.0,True,5,0.5298112343435727,4,
5,37,0.8172065990323201,True,4,0.6397584151631147,4,
5,38,0.7084592993380032,True,5,0.5147431036700164,2,
5,39,0.5164143356527653,True,5,0.46048978882693736,1,
5,40,0.5372628181586248,True,2,0.5244970081217755,4,
5,41,0.6101049058734327,True,3,0.5162152636629592,2,
5,42,0.49091770975788773,True,3,0.5499834301054677,3,
5,43,0.7643012331401187,True,5,0.5631721116085849,4,
5,44,0.0,False,3,0.19225946218059536,1,
5,45,0.34832200764502136,True,3,0.534240603483267,3,
5,46,0.6252846926806552,True,4,0.5968769527539776,4,
5,47,0.6225391968483914,True,5,0.5765533894030055,4,
5,48,0.6085771841113498,True,4,0.5904222715219848,3,
5,49,0.568012779872437,True,4,0.5840114890236331,2,
6,0,0.7378774960055131,True,3,0.5508716420441411,4,
6,1,0.540873234376262,True,3,0.4592721187141821,4,
6,2,0.6649439426554884,True,5,0.42772121487992154,1,
6,3,0.4396727459691474,False,4,0.43838146786195775,4,
6,4,0.0,False,3,0.372350121175064,3,
6,5,0.48892467303615195,False,3,0.3811210089683976,2,
6,6,0.0,False,3,0.2990800849895243,4,
6,7,0.35046939112207554,True,6,0.4556009347219928,1,
6,8,0.45990268730614514,False,5,0.39797325052300514,4,
6,9,0.5014008359681293,False,5,0.42006706880350986,4,
6,10,0.41561389896693895,False,3,0.41903132950987176,2,
6,11,0.0,False,6,0.4283346743491447,2,
6,12,0.9544617994677029,True,4,0.7027996788980413,4,
6,13,0.6309116072571664,True,3,0.6033326326518925,4,
6,14,0.4533912821895797,True,5,0.5400513066947048,4,
6,15,0.0,True,4,0.5538517325131658,3,
6,16,0.854598791102104,True,3,0.5918653932168342,3,
6,17,0.8812278935564415,True,4,0.3945696518224191,1,
6,18,0.49742889631493115,True,3,0.4911297431219391,4,
6,19,0.4070583920849874,False,3,0.2828509603314892,3,
6,20,0.8617812811084906,True,3,0.5545323240204192,3,
6,21,0.5782789392377216,True,5,0.4088687080982083,2,
6,22,0.618622208063434,True,3,0.4675286777484833,4,
6,23,0.6538225075430639,True,6,0.5056620860338696,4,
6,24,0.3721945353520828,False,6,0.4521116977786572,4,
6,25,0.0,False,4,0.4606860505177794,2,
6,26,0.43206660443849854,False,4,0.43876770460194353,3,
6,27,0.0,False,3,0.31996440893732087,3,
6,28,0.5079949890488851,False,5,0.3966627378785929,2,
6,29,0.0,False,6,0.42862430823329967,2,
6,30,0.7464134037385155,True,3,0.5034389210241468,1,
6,31,0.0,False,4,0.4432172055732789,1,
6,32,0.8899732769152223,True,5,0.5400908475548143,3,
6,33,0.0,False,3,0.13718704090473813,4,
6,34,0.344195505790037,False,3,0.4562434265187386,1,
6,35,0.0,False,4,0.2015330938706855,2,
6,36,1.0,True,5,0.47584231124331594,4,
6,37,0.8172065990323201,True,4,0.5775824271490746,4,
6,38,0.7084592993380032,True,5,0.48291886820718977,2,
6,39,0.5164143356527653,True,5,0.4535665136970401,1,
6,40,0.5372628181586248,True,2,0.529594292518514,4,
6,41,0.6101049058734327,True,3,0.5035755381945984,2,
6,42,0.49091770975788773,True,3,0.5524762342460845,3,
6,43,0.7643012331401187,True,5,0.5550643935754801,4,
6,44,0.0,False,3,0.21069881997847395,1,
6,45,0.34832200764502136,True,3,0.5449759511819151,3,
6,46,0.6252846926806552,True,4,0.5829068944587465,4,
6,47,0.6225391968483914,True,5,0.5747804279757578,4,
6,48,0.6085771841113498,True,4,0.5802372018487487,3,
6,49,0.568012779872437,True,4,0.5760949492822109,2,
7,0,0.7378774960055131,True,3,0.5491865765293416,4,
7,1,0.540873234376262,True,3,0.4502651738211824,4,
7,2,0.6649439426554884,True,5,0.42202203464536886,1,
7,3,0.4396727459691474,False,4,0.4378123153639574,4,
7,4,0.0,False,3,0.38429658990777604,3,
7,5,0.48892467303615195,False,3,0.3899957924911927,2,
7,6,0.0,False,3,0.32179315657592306,4,
7,7,0.35046939112207554,True,6,0.455914356923607,1,
7,8,0.45990268730614514,False,5,0.4052314954783872,4,
7,9,0.5014008359681293,False,5,0.4243183619946827,4,
7,10,0.41561389896693895,False,3,0.42326805085042,2,
7,11,0.0,False,6,0.4302974454062649,2,
7,12,0.9544617994677029,True,4,0.656056942283398,4,
7,13,0.6309116072571664,True,3,0.5937698463131521,4,
7,14,0.4533912821895797,True,5,0.533006495351411,4,
7,15,0.0,True,4,0.5494102583972537,3,
7,16,0.854598791102104,True,3,0.5737345374932729,3,
7,17,0.8812278935564415,True,4,0.3950653612577367,1,
7,18,0.49742889631493115,True,3,0.48025948185232387,4,
7,19,0.4070583920849874,False,3,0.2872826096495909,3,
7,20,0.8617812811084906,True,3,0.5395773110766687,3,
7,21,0.5782789392377216,True,5,0.4054714410147219,2,
7,22,0.618622208063434,True,3,0.46443170714691073,4,
7,23,0.6538225075430639,True,6,0.5068850987392589,4,
7,24,0.3721945353520828,False,6,0.457262056552187,4,
7,25,0.0,False,4,0.4685527181168785,2,
7,26,0.43206660443849854,False,4,0.4482374942295224,3,
7,27,0.0,False,3,0.34338663695651067,3,
7,28,0.5079949890488851,False,5,0.4072198565918624,2,
7,29,0.0,False,6,0.4351911079191971,2,
7,30,0.7464134037385155,True,3,0.5017615817749744,1,
7,31,0.0,False,4,0.44470110103742233,1,
7,32,0.8899732769152223,True,5,0.5314475410484596,3,
7,33,0.0,False,3,0.1585177528131604,4,
7,34,0.344195505790037,False,3,0.4562422265755711,1,
7,35,0.0,False,4,0.2142893445117654,2,
7,36,1.0,True,5,0.44246710853600774,4,
7,37,0.8172065990323201,True,4,0.5277352904155118,4,
7,38,0.7084592993380032,True,5,0.45957913157201136,2,
7,39,0.5164143356527653,True,5,0.44839671112880264,1,
7,40,0.5372628181586248,True,2,0.5341706808640281,4,
7,41,0.6101049058734327,True,3,0.4936739139123709,2,
7,42,0.49091770975788773,True,3,0.5520091506950394,3,
7,43,0.7643012331401187,True,5,0.5484251423527737,4,
7,44,0.0,False,3,0.22489089094933976,1,
7,45,0.34832200764502136,True,3,0.5523429367533764,3,
7,46,0.6252846926806552,True,4,0.5706891194339598,4,
7,47,0.6225391968483914,True,5,0.572346638793728,4,
7,48,0.6085771841113498,True,4,0.5714045978670872,3,
7,49,0.568012779872437,True,4,0.5690327951273733,2,
8,0,0.7378774960055131,True,3,0.5492954304210124,4,
8,1,0.540873234376262,True,3,0.44335805397992023,4,
8,2,0.6649439426554884,True,5,0.4189546761610833,1,
8,3,0.4396727459691474,False,4,0.43676250001510797,4,
8,4,0.0,False,3,0.3941677332507611,3,
8,5,0.48892467303615195,False,3,0.39825591841699515,2,
8,6,0.0,False,3,0.3409953162718179,4,
8,7,0.35046939112207554,True,6,0.45700208869391246,1,
8,8,0.45990268730614514,False,5,0.41175697722978793,4,
8,9,0.5014008359681293,False,5,0.42807678834005825,4,
8,10,0.41561389896693895,False,3,0.42664405535715916,2,
8,11,0.0,False,6,0.4320444312932416,2,
8,12,0.9544617994677029,True,4,0.6198030198062434,4,
8,13,0.6309116072571664,True,3,0.5831446133168966,4,
8,14,0.4533912821895797,True,5,0.5267937690279101,4,
8,15,0.0,True,4,0.5444562534977024,3,
8,16,0.854598791102104,True,3,0.559515278174869,3,
8,17,0.8812278935564415,True,4,0.39628939742906144,1,
8,18,0.49742889631493115,True,3,0.47115133705330237,4,
8,19,0.4070583920849874,False,3,0.29288348993036845,3,
8,20,0.8617812811084906,True,3,0.5275615142785834,3,
8,21,0.5782789392377216,True,5,0.40439724033372043,2,
8,22,0.618622208063434,True,3,0.4629846448878192,4,
8,23,0.6538225075430639,True,6,0.5070818661923716,4,
8,24,0.3721945353520828,False,6,0.4609092158284025,4,
8,25,0.0,False,4,0.47387420090024956,2,
8,26,0.43206660443849854,False,4,0.45428856009324103,3,
8,27,0.0,False,3,0.3631040463727025,3,
8,28,0.5079949890488851,False,5,0.4153476612457837,2,
8,29,0.0,False,6,0.43958352484334406,2,
8,30,0.7464134037385155,True,3,0.4998495909362088,1,
8,31,0.0,False,4,0.44668333854714043,1,
8,32,0.8899732769152223,True,5,0.5248402334614329,3,
8,33,0.0,False,3,0.17737679290264072,4,
8,34,0.344195505790037,False,3,0.4567187585195901,1,
8,35,0.0,False,4,0.22642511295765472,2,
8,36,1.0,True,5,0.4217911969206846,4,
8,37,0.8172065990323201,True,4,0.48833646400222075,4,
8,38,0.7084592993380032,True,5,0.4431407329075288,2,
8,39,0.5164143356527653,True,5,0.4447668354743804,1,
8,40,0.5372628181586248,True,2,0.5377383748302303,4,
8,41,0.6101049058734327,True,3,0.48600525640984216,2,
8,42,0.49091770975788773,True,3,0.5497063114996359,3,
8,43,0.7643012331401187,True,5,0.5426603412226486,4,
8,44,0.0,False,3,0.23690674046050256,1,
8,45,0.34832200764502136,True,3,0.5571348991258406,3,
8,46,0.6252846926806552,True,4,0.5601401438134587,4,
8,47,0.6225391968483914,True,5,0.5694514388294069,4,
8,48,0.6085771841113498,True,4,0.5637166713122597,3,
8,49,0.568012779872437,True,4,0.5627001729168642,2,
9,0,0.7378774960055131,True,3,0.5503278574736227,4,
9,1,0.540873234376262,True,3,0.4381601991670913,4,
9,2,0.6649439426554884,True,5,0.41752184405584636,1,
9,3,0.4396727459691474,False,4,0.4356046600826888,4,
9,4,0.0,False,3,0.4026276750038606,3,
9,5,0.48892467303615195,False,3,0.40581200403547224,2,
9,6,0.0,False,3,0.3573225327518843,4,
9,7,0.35046939112207554,True,6,0.4584337606392931,1,
9,8,0.45990268730614514,False,5,0.41768253752346096,4,
9,9,0.5014008359681293,False,5,0.4314373238392733,4,
9,10,0.41561389896693895,False,3,0.4294737310554722,2,
9,11,0.0,False,6,0.43362002190849847,2,
9,12,0.9544617994677029,True,4,0.5911363984732828,4,
9,13,0.6309116072571664,True,3,0.5723433442616642,4,
9,14,0.4533912821895797,True,5,0.5211912914870708,4,
9,15,0.0,True,4,0.5394376278318266,3,
9,16,0.854598791102104,True,3,0.5481254084239022,3,
9,17,0.8812278935564415,True,4,0.39795090771093,1,
9,18,0.49742889631493115,True,3,0.4636859981093342,4,
9,19,0.4070583920849874,False,3,0.2991236323706979,3,
9,20,0.8617812811084906,True,3,0.5177355882269098,3,
9,21,0.5782789392377216,True,5,0.4046748692706201,2,
9,22,0.618622208063434,True,3,0.46255680420051226,4,
9,23,0.6538225075430639,True,6,0.5064461691687365,4,
9,24,0.3721945353520828,False,6,0.4634322211774068,4,
9,25,0.0,False,4,0.4771962245821161,2,
9,26,0.43206660443849854,False,4,0.4578980260109083,3,
9,27,0.0,False,3,0.3794810207835077,3,
9,28,0.5079949890488851,False,5,0.42171974223642594,2,
9,29,0.0,False,6,0.4425153942720504,2,
9,30,0.7464134037385155,True,3,0.4979960218461021,1,
9,31,0.0,False,4,0.44888040856223343,1,
9,32,0.8899732769152223,True,5,0.5195897429127351,3,
9,33,0.0,False,3,0.1941239639349771,4,
9,34,0.344195505790037,False,3,0.45742178814578005,1,
9,35,0.0,False,4,0.23794621284682174,2,
9,36,1.0,True,5,0.4092155956946191,4,
9,37,0.8172065990323201,True,4,0.45773221736113123,4,
9,38,0.7084592993380032,True,5,0.43187001036182265,2,
9,39,0.5164143356527653,True,5,0.4423575272627686,1,
9,40,0.5372628181586248,True,2,0.5401319621641114,4,
9,41,0.6101049058734327,True,3,0.48010803170663263,2,
9,42,0.49091770975788773,True,3,0.5463240296914367,3,
9,43,0.7643012331401187,True,5,0.5374831206015382,4,
9,44,0.0,False,3,0.24761003288064787,1,
9,45,0.34832200764502136,True,3,0.559957357158978,3,
9,46,0.6252846926806552,True,4,0.5510871665190756,4,
9,47,0.6225391968483914,True,5,0.5662568939289534,4,
9,48,0.6085771841113498,True,4,0.556980034421304,3,
9,49,0.568012779872437,True,4,0.556967035106708,2,
10,0,0.7378774960055131,True,3,0.5517081629295026,4,
10,1,0.540873234376262,True,3,0.4343233053959688,4,
10,2,0.6649439426554884,True,5,0.4171086891886765,1,
10,3,0.4396727459691474,False,4,0.43453627674556883,4,
10,4,0.0,False,3,0.4100431290353957,3,
10,5,0.48892467303615195,False,3,0.41267421328571,2,
10,6,0.0,False,3,0.3712901576971882,4,
10,7,0.35046939112207554,True,6,0.4600005733495471,1,
10,8,0.45990268730614514,False,5,0.42307423535336175,4,
10,9,0.5014008359681293,False,5,0.4344686253279807,4,
10,10,0.41561389896693895,False,3,0.4319286857750173,2,
10,11,0.0,False,6,0.4350504922497445,2,
10,12,0.9544617994677029,True,4,0.5680847042791245,4,
10,13,0.6309116072571664,True,3,0.561863067699598,4,
10,14,0.4533912821895797,True,5,0.5160579391210464,4,
10,15,0.0,True,4,0.5345344945729693,3,
10,16,0.854598791102104,True,3,0.5388174592771358,3,
10,17,0.8812278935564415,True,4,0.3998781833206224,1,
10,18,0.49742889631493115,True,3,0.4576711112957368,4,
10,19,0.4070583920849874,False,3,0.3056590068127781,3,
10,20,0.8617812811084906,True,3,0.5095740375954128,3,
10,21,0.5782789392377216,True,5,0.40572232016196424,2,
10,22,0.618622208063434,True,3,0.4627194554306837,4,
10,23,0.6538225075430639,True,6,0.5051717949263584,4,
10,24,0.3721945353520828,False,6,0.46509136565394343,4,
10,25,0.0,False,4,0.47900483847908876,2,
10,26,0.43206660443849854,False,4,0.4598085106471304,3,
10,27,0.0,False,3,0.3929607016117449,3,
10,28,0.5079949890488851,False,5,0.4267811162408158,2,
10,29,0.0,False,6,0.444459395084582,2,
10,30,0.7464134037385155,True,3,0.4962711813930859,1,
10,31,0.0,False,4,0.45112567445238116,1,
10,32,0.8899732769152223,True,5,0.5153039610631386,3,
10,33,0.0,False,3,0.20912845349222808,4,
10,34,0.344195505790037,False,3,0.45823012762251336,1,
10,35,0.0,False,4,0.24885241383484843,2,
10,36,1.0,True,5,0.40191238137219487,4,
10,37,0.8172065990323201,True,4,0.43440555024882516,4,
10,38,0.7084592993380032,True,5,0.4243640879888503,2,
10,39,0.5164143356527653,True,5,0.44086497557601445,1,
10,40,0.5372628181586248,True,2,0.5413703756695765,4,
10,41,0.6101049058734327,True,3,0.47558811530409845,2,
10,42,0.49091770975788773,True,3,0.5423538880794123,3,
10,43,0.7643012331401187,True,5,0.5327500304932633,4,
10,44,0.0,False,3,0.2573959959600792,1,
10,45,0.34832200764502136,True,3,0.5612771767262751,3,
10,46,0.6252846926806552,True,4,0.5433317998586167,4,
10,47,0.6225391968483914,True,5,0.5628837107778142,4,
10,48,0.6085771841113498,True,4,0.5510339802501756,3,
10,49,0.568012779872437,True,4,0.5517306159351943,2,
11,0,0.7378774960055131,True,3,0.5530690033029356,4,
11,1,0.540873234376262,True,3,0.43155656648357626,4,
11,2,0.6649439426554884,True,5,0.41733255001780023,1,
11,3,0.4396727459691474,False,4,0.43364955454365384,4,
11,4,0.0,False,3,0.4166331459720775,3,
11,5,0.48892467303615195,False,3,0.41889161620165805,2,
11,6,0.0,False,3,0.383310107933388,4,
11,7,0.35046939112207554,True,6,0.4615947418595796,1,
11,8,0.45990268730614514,False,5,0.4279749747294927,4,
11,9,0.5014008359681293,False,5,0.4372205547420432,4,
11,10,0.41561389896693895,False,3,0.43410593315968593,2,
11,11,0.0,False,6,0.43634699023152107,2,
11,12,0.9544617994677029,True,4,0.5492764309992931,4,
11,13,0.6309116072571664,True,3,0.5519635497261207,4,
11,14,0.4533912821895797,True,5,0.5113052040371547,4,
11,15,0.0,True,4,0.5298168261100256,3,
11,16,0.854598791102104,True,3,0.5310632771666095,3,
11,17,0.8812278935564415,True,4,0.4019533112256758,1,
11,18,0.49742889631493115,True,3,0.4528940665356254,4,
11,19,0.4070583920849874,False,3,0.3122641568110362,3,
11,20,0.8617812811084906,True,3,0.5027009439251544,3,
11,21,0.5782789392377216,True,5,0.4071895434835862,2,
11,22,0.618622208063434,True,3,0.4631816906765926,4,
11,23,0.6538225075430639,True,6,0.5034281954123648,4,
11,24,0.3721945353520828,False,6,0.46608198351553354,4,
11,25,0.0,False,4,0.47969976538953013,2,
11,26,0.43206660443849854,False,4,0.4605704811431362,3,
11,27,0.0,False,3,0.40398525861065054,3,
11,28,0.5079949890488851,False,5,0.43083600870611266,2,
11,29,0.0,False,6,0.4457380868310298,2,
11,30,0.7464134037385155,True,3,0.4946710550879975,1,
11,31,0.0,False,4,0.4533225775215146,1,
11,32,0.8899732769152223,True,5,0.5117374848697533,3,
11,33,0.0,False,3,0.22269950800455285,4,
11,34,0.344195505790037,False,3,0.4590817505472161,1,
11,35,0.0,False,4,0.25915578080534657,2,
11,36,1.0,True,5,0.3980807635396068,4,
11,37,0.8172065990323201,True,4,0.4169999379582866,4,
11,38,0.7084592993380032,True,5,0.41957353511469886,2,
11,39,0.5164143356527653,True,5,0.4400373886545963,1,
11,40,0.5372628181586248,True,2,0.5415670781515436,4,
11,41,0.6101049058734327,True,3,0.47212352140263725,2,
11,42,0.49091770975788773,True,3,0.5381086032939497,3,
11,43,0.7643012331401187,True,5,0.528384143819886,4,
11,44,0.0,False,3,0.26646958273289384,1,
11,45,0.34832200764502136,True,3,0.5614552720012838,3,
11,46,0.6252846926806552,True,4,0.5366812272257718,4,
11,47,0.6225391968483914,True,5,0.559419875014858,4,
11,48,0.6085771841113498,True,4,0.5457489356149537,3,
11,49,0.568012779872437,True,4,0.5469152909368965,2,
12,0,0.7378774960055131,True,3,0.5541886237103265,4,
12,1,0.540873234376262,True,3,0.4296250436612037,4,
12,2,0.6649439426554884,True,5,0.41795131552255577,1,
12,3,0.4396727459691474,False,4,0.43297663660174923,4,
12,4,0.0,False,3,0.42254006651345893,3,
12,5,0.48892467303615195,False,3,0.42452436486594136,2,
12,6,0.0,False,3,0.3937107544016874,4,
12,7,0.35046939112207554,True,6,0.4631580793762141,1,
12,8,0.45990268730614514,False,5,0.43242089953849766,4,
12,9,0.5014008359681293,False,5,0.4397295265611442,4,
12,10,0.41561389896693895,False,3,0.43606084879538737,2,
12,11,0.0,False,6,0.43751401186302036,2,
12,12,0.9544617994677029,True,4,0.5337377527708826,4,
12,13,0.6309116072571664,True,3,0.5427625234388718,4,
12,14,0.4533912821895797,True,5,0.5068773665206491,4,
12,15,0.0,True,4,0.5253086013722736,3,
12,16,0.854598791102104,True,3,0.5244837025510507,3,
12,17,0.8812278935564415,True,4,0.40409086598275656,1,
12,18,0.49742889631493115,True,3,0.4491486309348559,4,
12,19,0.4070583920849874,False,3,0.31879237237085556,3,
12,20,0.8617812811084906,True,3,0.4968423104245985,3,
12,21,0.5782789392377216,True,5,0.40886481592569784,2,
12,22,0.618622208063434,True,3,0.4637498677894529,4,
12,23,0.6538225075430639,True,6,0.5013557220136585,4,
12,24,0.3721945353520828,False,6,0.46655703151428424,4,
12,25,0.0,False,4,0.47959641054292534,2,
12,26,0.43206660443849854,False,4,0.4605832334402787,3,
12,27,0.0,False,3,0.4129593466734691,3,
12,28,0.5079949890488851,False,5,0.4341026466982625,2,
12,29,0.0,False,6,0.44657381551457603,2,
12,30,0.7464134037385155,True,3,0.49317311092766464,1,
12,31,0.0,False,4,0.4554165624029487,1,
12,32,0.8899732769152223,True,5,0.5087252349141813,3,
12,33,0.0,False,3,0.23508067865113583,4,
12,34,0.344195505790037,False,3,0.45994197897122124,1,
12,35,0.0,False,4,0.26887862219914493,2,
12,36,1.0,True,5,0.3965463298628769,4,
12,37,0.8172065990323201,True,4,0.40434058611235274,4,
12,38,0.7084592993380032,True,5,0.41673146596555144,2,
12,39,0.5164143356527653,True,5,0.43967861193927243,1,
12,40,0.5372628181586248,True,2,0.5408753831800248,4,
12,41,0.6101049058734327,True,3,0.4694588883943131,2,
12,42,0.49091770975788773,True,3,0.5337836317283294,3,
12,43,0.7643012331401187,True,5,0.5243390559918095,4,
12,44,0.0,False,3,0.2749526763616941,1,
12,45,0.34832200764502136,True,3,0.560770968589272,3,
12,46,0.6252846926806552,True,4,0.5309615398662453,4,
12,47,0.6225391968483914,True,5,0.5559293656894586,4,
12,48,0.6085771841113498,True,4,0.5410207384949807,3,
12,49,0.568012779872437,True,4,0.5424653961116273,2,
13,0,0.7378774960055131,True,3,0.5549454017386451,4,
13,1,0.540873234376262,True,3,0.42834202776305524,4,
13,2,0.6649439426554884,True,5,0.4188091597025476,1,
13,3,0.4396727459691474,False,4,0.4325170732471844,4,
13,4,0.0,False,3,0.4278640271116178,3,
13,5,0.48892467303615195,False,3,0.42963192254841215,2,
13,6,0.0,False,3,0.40275477548356475,4,
13,7,0.35046939112207554,True,6,0.4646583161616591,1,
13,8,0.45990268730614514,False,5,0.43644648359766103,4,
13,9,0.5014008359681293,False,5,0.44202224581168614,4,
13,10,0.41561389896693895,False,3,0.43782569023423373,2,
13,11,0.0,False,6,0.4385550059302686,2,
13,12,0.9544617994677029,True,4,0.520763295057684,4,
13,13,0.6309116072571664,True,3,0.5342947374062145,4,
13,14,0.4533912821895797,True,5,0.502738505032601,4,
13,15,0.0,True,4,0.5210145414035493,3,
13,16,0.854598791102104,True,3,0.5188035093431435,3,
13,17,0.8812278935564415,True,4,0.4062292208338042,1,
13,18,0.49742889631493115,True,3,0.4462477294382988,4,
13,19,0.4070583920849874,False,3,0.32515012470607707,3,
13,20,0.8617812811084906,True,3,0.4917948630772314,3,
13,21,0.5782789392377216,True,5,0.4106198140663785,2,
13,22,0.618622208063434,True,3,0.464299678688694,4,
13,23,0.6538225075430639,True,6,0.49906721942695004,4,
13,24,0.3721945353520828,False,6,0.4666382705216741,4,
13,25,0.0,False,4,0.47893727517595075,2,
13,26,0.43206660443849854,False,4,0.4601305416486562,3,
13,27,0.0,False,3,0.42023722123745016,3,
13,28,0.5079949890488851,False,5,0.43674422514420935,2,
13,29,0.0,False,6,0.44711980231429727,2,
13,30,0.7464134037385155,True,3,0.49175497416738284,1,
13,31,0.0,False,4,0.45737852016034297,1,
13,32,0.8899732769152223,True,5,0.5061494700313509,3,
13,33,0.0,False,3,0.24646046566915855,4,
13,34,0.344195505790037,False,3,0.4607891970841407,1,
13,35,0.0,False,4,0.27804889778635666,2,
13,36,1.0,True,5,0.39652967175979337,4,
13,37,0.8172065990323201,True,4,0.3954366188142819,4,
13,38,0.7084592993380032,True,5,0.41528036980235467,2,
13,39,0.5164143356527653,True,5,0.43964102474757205,1,
13,40,0.5372628181586248,True,2,0.5394570328896857,4,
13,41,0.6101049058734327,True,3,0.4673957947662232,2,
13,42,0.49091770975788773,True,3,0.529498766325506,3,
13,43,0.7643012331401187,True,5,0.5205822556951584,4,
13,44,0.0,False,3,0.28292693805912156,1,
13,45,0.34832200764502136,True,3,0.5594407433304027,3,
13,46,0.6252846926806552,True,4,0.5260219116358115,4,
13,47,0.6225391968483914,True,5,0.5524586674932705,4,
13,48,0.6085771841113498,True,4,0.5367651166481133,3,
13,49,0.568012779872437,True,4,0.5383385359343013,2,
14,0,0.7378774960055131,True,3,0.5552851943101121,4,
14,1,0.540873234376262,True,3,0.42756029389285366,4,
14,2,0.6649439426554884,True,5,0.41980439633983835,1,
14,3,0.4396727459691474,False,4,0.43225395474083367,4,
14,4,0.0,False,3,0.43268028699710553,3,
14,5,0.48892467303615195,False,3,0.4342686916423302,2,
14,6,0.0,False,3,0.41065367898747607,4,
14,7,0.35046939112207554,True,6,0.46607749862553216,1,
14,8,0.45990268730614514,False,5,0.4400854047068833,4,
14,9,0.5014008359681293,False,5,0.4441185745040227,4,
14,10,0.41561389896693895,False,3,0.43942044965690613,2,
14,11,0.0,False,6,0.4394749090544973,2,
14,12,0.9544617994677029,True,4,0.5098322276922175,4,
14,13,0.6309116072571664,True,3,0.5265482088573776,4,
14,14,0.4533912821895797,True,5,0.49886430089934164,4,
14,15,0.0,True,4,0.5169314464835238,3,
14,16,0.854598791102104,True,3,0.5138213405907953,3,
14,17,0.8812278935564415,True,4,0.4083252872181288,1,
14,18,0.49742889631493115,True,3,0.4440285405094936,4,
14,19,0.4070583920849874,False,3,0.3312800105672993,3,
14,20,0.8617812811084906,True,3,0.48740528091060453,3,
14,21,0.5782789392377216,True,5,0.41237724720109364,2,
14,22,0.618622208063434,True,3,0.4647560393688933,4,
14,23,0.6538225075430639,True,6,0.496651501166365,4,
14,24,0.3721945353520828,False,6,0.4664229874117643,4,
14,25,0.0,False,4,0.4779052806428694,2,
14,26,0.43206660443849854,False,4,0.45940988039730063,3,
14,27,0.0,False,3,0.42612131680485915,3,
14,28,0.5079949890488851,False,5,0.43888645123428077,2,
14,29,0.0,False,6,0.4474809286324378,2,
14,30,0.7464134037385155,True,3,0.4903993274316469,1,
14,31,0.0,False,4,0.45919483591902543,1,
14,32,0.8899732769152223,True,5,0.503922445987035,3,
14,33,0.0,False,3,0.25698483394167326,4,
14,34,0.344195505790037,False,3,0.4616084928795642,1,
14,35,0.0,False,4,0.28669682861042806,2,
14,36,1.0,True,5,0.3975065365581059,4,
14,37,0.8172065990323201,True,4,0.38946908840338423,4,
14,38,0.7084592993380032,True,5,0.41481465782941707,2,
14,39,0.5164143356527653,True,5,0.4398160901475864,1,
14,40,0.5372628181586248,True,2,0.5374653795768498,4,
14,41,0.6101049058734327,True,3,0.46578229961830786,2,
14,42,0.49091770975788773,True,3,0.5253254325917895,3,
14,43,0.7643012331401187,True,5,0.5170876679036658,4,
14,44,0.0,False,3,0.2904519542221327,1,
14,45,0.34832200764502136,True,3,0.5576326522510876,3,
14,46,0.6252846926806552,True,4,0.5217343758028675,4,
14,47,0.6225391968483914,True,5,0.5490413341497415,4,
14,48,0.6085771841113498,True,4,0.5329132741581961,3,
14,49,0.568012779872437,True,4,0.5345008820526552,2,
15,0,0.7378774960055131,True,3,0.5551981028507655,4,
15,1,0.540873234376262,True,3,0.4271641430852992,4,
15,2,0.6649439426554884,True,5,0.4208701226621534,1,
15,3,0.4396727459691474,False,4,0.4321631513114934,4,
15,4,0.0,False,3,0.4370483022893138,3,
15,5,0.48892467303615195,False,3,0.4384828769455548,2,
15,6,0.0,False,3,0.41757910479898736,4,
15,7,0.35046939112207554,True,6,0.46740597604735745,1,
15,8,0.45990268730614514,False,5,0.4433701456235088,4,
15,9,0.5014008359681293,False,5,0.446033773340515,4,
15,10,0.41561389896693895,False,3,0.4408590844458465,2,
15,11,0.0,False,6,0.44028076281265444,2,
15,12,0.9544617994677029,True,4,0.5005528453276572,4,
15,13,0.6309116072571664,True,3,0.5194862084832128,4,
15,14,0.4533912821895797,True,5,0.4952370069449152,4,
15,15,0.0,True,4,0.5130530282701121,3,
15,16,0.854598791102104,True,3,0.5093890157512561,3,
15,17,0.8812278935564415,True,4,0.4103503696880193,1,
15,18,0.49742889631493115,True,3,0.4423533183639187,4,
15,19,0.4070583920849874,False,3,0.337149178600137,3,
15,20,0.8617812811084906,True,3,0.48355614399832836,3,
15,21,0.5782789392377216,True,5,0.41409150157924046,2,
15,22,0.618622208063434,True,3,0.46507834644694734,4,
15,23,0.6538225075430639,True,6,0.49417715873553936,4,
15,24,0.3721945353520828,False,6,0.46598873551091613,4,
15,25,0.0,False,4,0.4766361929042283,2,
15,26,0.43206660443849854,False,4,0.4585554666427398,3,
15,27,0.0,False,3,0.4308658657641426,3,
15,28,0.5079949890488851,False,5,0.4406280019847014,2,
15,29,0.0,False,6,0.44772813590450783,2,
15,30,0.7464134037385155,True,3,0.4890941345261457,1,
15,31,0.0,False,4,0.460861286540976,1,
15,32,0.8899732769152223,True,5,0.501976706492153,3,
15,33,0.0,False,3,0.2667677770956332,4,
15,34,0.344195505790037,False,3,0.46238888869919204,1,
15,35,0.0,False,4,0.2948528973100346,2,
15,36,1.0,True,5,0.3991206384787124,4,
15,37,0.8172065990323201,True,4,0.385771651266023,4,
15,38,0.7084592993380032,True,5,0.41503870689149863,2,
15,39,0.5164143356527653,True,5,0.4401254857686625,1,
15,40,0.5372628181586248,True,2,0.5350373901798378,4,
15,41,0.6101049058734327,True,3,0.4645033136990023,2,
15,42,0.49091770975788773,True,3,0.52130434825245,3,
15,43,0.7643012331401187,True,5,0.5138324874086706,4,
15,44,0.0,False,3,0.29757363015747057,1,
15,45,0.34832200764502136,True,3,0.555477378557015,3,
15,46,0.6252846926806552,True,4,0.5179917104824339,4,
15,47,0.6225391968483914,True,5,0.5457012056570014,4,
15,48,0.6085771841113498,True,4,0.529408540334723,3,
15,49,0.568012779872437,True,4,0.5309242285471686,2,
16,0,0.7378774960055131,True,3,0.5547021109575752,4,
16,1,0.540873234376262,True,3,0.4270627669607552,4,
16,2,0.6649439426554884,True,5,0.42196226929770353,1,
16,3,0.4396727459691474,False,4,0.4322184626516392,4,
16,4,0.0,False,3,0.4410167390973165,3,
16,5,0.48892467303615195,False,3,0.4423166615040877,2,
16,6,0.0,False,3,0.4236714625584301,4,
16,7,0.35046939112207554,True,6,0.4686391153837176,1,
16,8,0.45990268730614514,False,5,0.4463314299858066,4,
16,9,0.5014008359681293,False,5,0.4477801877430554,4,
16,10,0.41561389896693895,False,3,0.4421529004805633,2,
16,11,0.0,False,6,0.4409813953677057,2,
16,12,0.9544617994677029,True,4,0.49262539069126315,4,
16,13,0.6309116072571664,True,3,0.5130603708341697,4,
16,14,0.4533912821895797,True,5,0.49184244390893755,4,
16,15,0.0,True,4,0.5093719403950241,3,
16,16,0.854598791102104,True,3,0.505396956366547,3,
16,17,0.8812278935564415,True,4,0.41228668639109217,1,
16,18,0.49742889631493115,True,3,0.4411079397123462,4,
16,19,0.4070583920849874,False,3,0.34274140997014046,3,
16,20,0.8617812811084906,True,3,0.48015626750756474,3,
16,21,0.5782789392377216,True,5,0.41573683895783486,2,
16,22,0.618622208063434,True,3,0.4652496311332957,4,
16,23,0.6538225075430639,True,6,0.4916961571693718,4,
16,24,0.3721945353520828,False,6,0.46539701411073753,4,
16,25,0.0,False,4,0.4752292353716556,2,
16,26,0.43206660443849854,False,4,0.45765593338931015,3,
16,27,0.0,False,3,0.43468240034014444,3,
16,28,0.5079949890488851,False,5,0.4420472144773671,2,
16,29,0.0,False,6,0.44790857635048376,2,
16,30,0.7464134037385155,True,3,0.4878315585196248,1,
16,31,0.0,False,4,0.46237925743338915,1,
16,32,0.8899732769152223,True,5,0.5002592769021188,3,
16,33,0.0,False,3,0.2758994166175965,4,
16,34,0.344195505790037,False,3,0.46312215497827974,1,
16,35,0.0,False,4,0.302546790993149,2,
16,36,1.0,True,5,0.40112804471070973,4,
16,37,0.8172065990323201,True,4,0.38380880802746464,4,
16,38,0.7084592993380032,True,5,0.4157367972695664,2,
16,39,0.5164143356527653,True,5,0.4405136733421526,1,
16,40,0.5372628181586248,True,2,0.5322907817943602,4,
16,41,0.6101049058734327,True,3,0.4634723994852527,2,
16,42,0.49091770975788773,True,3,0.5174568663784114,3,
16,43,0.7643012331401187,True,5,0.5107959572926896,4,
16,44,0.0,False,3,0.3043285553511298,1,
16,45,0.34832200764502136,True,3,0.5530766621064112,3,
16,46,0.6252846926806552,True,4,0.5147046980885427,4,
16,47,0.6225391968483914,True,5,0.5424547447016619,4,
16,48,0.6085771841113498,True,4,0.5262038475591432,3,
16,49,0.568012779872437,True,4,0.5275842530783151,2,
17,0,0.7378774960055131,True,3,0.5538316985533742,4,
17,1,0.540873234376262,True,3,0.42718492573063005,4,
17,2,0.6649439426554884,True,5,0.4230520141917229,1,
17,3,0.4396727459691474,False,4,0.4323943744710356,4,
17,4,0.0,False,3,0.44462642428717214,3,
17,5,0.48892467303615195,False,3,0.44580684050655933,2,
17,6,0.0,False,3,0.42904650545884265,4,
17,7,0.35046939112207554,True,6,0.4697754200020988,1,
17,8,0.45990268730614514,False,5,0.44899783335625615,4,
17,9,0.5014008359681293,False,5,0.4493684369389363,4,
17,10,0.41561389896693895,False,3,0.44331223024841293,2,
17,11,0.0,False,6,0.4415867725839005,2,
17,12,0.9544617994677029,True,4,0.4858167349130898,4,
17,13,0.6309116072571664,True,3,0.5072183271254115,4,
17,14,0.4533912821895797,True,5,0.48866827106580435,4,
17,15,0.0,True,4,0.5058805943440727,3,
17,16,0.854598791102104,True,3,0.5017637511133988,3,
17,17,0.8812278935564415,True,4,0.4141244988303783,1,
17,18,0.49742889631493115,True,3,0.4401993663967122,4,
17,19,0.4070583920849874,False,3,0.3480516707469835,3,
17,20,0.8617812811084906,True,3,0.47713393874399207,3,
17,21,0.5782789392377216,True,5,0.4173000541404716,2,
17,22,0.618622208063434,True,3,0.46526861907787287,4,
17,23,0.6538225075430639,True,6,0.4892470273877757,4,
17,24,0.3721945353520828,False,6,0.46469625687900884,4,
17,25,0.0,False,4,0.4737557522765303,2,
17,26,0.43206660443849854,False,4,0.45676760524963805,3,
17,27,0.0,False,3,0.43774564563090707,3,
17,28,0.5079949890488851,False,5,0.4432066768847822,2,
17,29,0.0,False,6,0.44805282471128666,2,
17,30,0.7464134037385155,True,3,0.48660674319770064,1,
17,31,0.0,False,4,0.4637533931475954,1,
17,32,0.8899732769152223,True,5,0.49872796123081437,3,
17,33,0.0,False,3,0.2844520042502443,4,
17,34,0.344195505790037,False,3,0.4638022775098377,1,
17,35,0.0,False,4,0.309806890553729,2,
17,36,1.0,True,5,0.40336103362604125,4,
17,37,0.8172065990323201,True,4,0.38315458050316115,4,
17,38,0.7084592993380032,True,5,0.41675157817741176,2,
17,39,0.5164143356527653,True,5,0.4409419972064906,1,
17,40,0.5372628181586248,True,2,0.5293239987111704,4,
17,41,0.6101049058734327,True,3,0.4626250922532393,2,
17,42,0.49091770975788773,True,3,0.5137922331633412,3,
17,43,0.7643012331401187,True,5,0.5079589739101339,4,
17,44,0.0,False,3,0.31074658095050794,1,
17,45,0.34832200764502136,True,3,0.5505097306979844,3,
17,46,0.6252846926806552,True,4,0.5117993637833318,4,
17,47,0.6225391968483914,True,5,0.539312786970768,4,
17,48,0.6085771841113498,True,4,0.5232598203395412,3,
17,49,0.568012779872437,True,4,0.5244595168766959,2,
18,0,0.7378774960055131,True,3,0.5526300350785972,4,
18,1,0.540873234376262,True,3,0.42747475132326296,4,
18,2,0.6649439426554884,True,5,0.4241208373721086,1,
18,3,0.4396727459691474,False,4,0.4326674312560058,4,
18,4,0.0,False,3,0.44791220528836595,3,
18,5,0.48892467303615195,False,3,0.4489855525558928,2,
18,6,0.0,False,3,0.43380035297821723,4,
18,7,0.35046939112207554,True,6,0.4708154073492543,1,
18,8,0.45990268730614514,False,5,0.4513956151081885,4,
18,9,0.5014008359681293,False,5,0.45080818974396913,4,
18,10,0.41561389896693895,False,3,0.44434714147844967,2,
18,11,0.0,False,6,0.4421073314122402,2,
18,12,0.9544617994677029,True,4,0.4799428661885385,4,
18,13,0.6309116072571664,True,3,0.5019079903294191,4,
18,14,0.4533912821895797,True,5,0.4857030418936811,4,
18,15,0.0,True,4,0.5025714558421209,3,
18,16,0.854598791102104,True,3,0.49842860026414143,3,
18,17,0.8812278935564415,True,4,0.41585982160023105,1,
18,18,0.49742889631493115,True,3,0.43955272574989673,4,
18,19,0.4070583920849874,False,3,0.3530823494203227,3,
18,20,0.8617812811084906,True,3,0.4744321042450035,3,
18,21,0.5782789392377216,True,5,0.4187758225543227,2,
18,22,0.618622208063434,True,3,0.46514397664822305,4,
18,23,0.6538225075430639,True,6,0.4868576049345029,4,
18,24,0.3721945353520828,False,6,0.4639243004756131,4,
18,25,0.0,False,4,0.47226608813964127,2,
18,26,0.43206660443849854,False,4,0.4559243033701732,3,
18,27,0.0,False,3,0.4401991302021526,3,
18,28,0.5079949890488851,False,5,0.44415656536732984,2,
18,29,0.0,False,6,0.4481800138540932,2,
18,30,0.7464134037385155,True,3,0.48541680656303837,1,
18,31,0.0,False,4,0.4649901462572056,1,
18,32,0.8899732769152223,True,5,0.49734883811974917,3,
18,33,0.0,False,3,0.2924843256471065,4,
18,34,0.344195505790037,False,3,0.46442516058034133,1,
18,35,0.0,False,4,0.3166600547649992,2,
18,36,1.0,True,5,0.4057042157524076,4,
18,37,0.8172065990323201,True,4,0.3834730803084659,4,
18,38,0.7084592993380032,True,5,0.41796854428482105,2,
18,39,0.5164143356527653,True,5,0.44138413761423617,1,
18,40,0.5372628181586248,True,2,0.5262176456016046,4,
18,41,0.6101049058734327,True,3,0.4619136090882359,2,
18,42,0.49091770975788773,True,3,0.5103122200413241,3,
18,43,0.7643012331401187,True,5,0.505303998610463,4,
18,44,0.0,False,3,0.316852515839511,1,
18,45,0.34832200764502136,True,3,0.547838221831461,3,
18,46,0.6252846926806552,True,4,0.5092144556318834,4,
18,47,0.6225391968483914,True,5,0.5362818829829943,4,
18,48,0.6085771841113498,True,4,0.5205433102525124,3,
18,49,0.568012779872437,True,4,0.5215308861941597,2,
19,0,0.7378774960055131,True,3,0.5511437301527131,4,
19,1,0.540873234376262,True,3,0.4278884586649506,4,
19,2,0.6649439426554884,True,5,0.42515722374917486,1,
19,3,0.4396727459691474,False,4,0.43301681964767696,4,
19,4,0.0,False,3,0.45090420287414246,3,
19,5,0.48892467303615195,False,3,0.4518809689411029,2,
19,6,0.0,False,3,0.43801336023553467,4,
19,7,0.35046939112207554,True,6,0.4717609148062048,1,
19,8,0.45990268730614514,False,5,0.45354872292851506,4,
19,9,0.5014008359681293,False,5,0.4521086238213806,4,
19,10,0.41561389896693895,False,3,0.4452676337956822,2,
19,11,0.0,False,6,0.4425534289288631,2,
19,12,0.9544617994677029,True,4,0.4748565862486965,4,
19,13,0.6309116072571664,True,3,0.49707982108422055,4,
19,14,0.4533912821895797,True,5,0.48293573146232466,4,
19,15,0.0,True,4,0.4994371294930824,3,
19,16,0.854598791102104,True,3,0.4953458052965241,3,
19,17,0.8812278935564415,True,4,0.4174926512973462,1,
19,18,0.49742889631493115,True,3,0.4391084062848213,4,
19,19,0.4070583920849874,False,3,0.3578406507261117,3,
19,20,0.8617812811084906,True,3,0.47200488795908463,3,
19,21,0.5782789392377216,True,5,0.4201637095326387,2,
19,22,0.618622208063434,True,3,0.4648902022795677,4,
19,23,0.6538225075430639,True,6,0.4845473246606338,4,
19,24,0.3721945353520828,False,6,0.4631104306448409,4,
19,25,0.0,False,4,0.47079494878586525,2,
19,26,0.43206660443849854,False,4,0.4551444821192095,3,
19,27,0.0,False,3,0.44216023872264537,3,
19,28,0.5079949890488851,False,5,0.44493717217511175,2,
19,29,0.0,False,6,0.44830148687181426,2,
19,30,0.7464134037385155,True,3,0.48426010288875104,1,
19,31,0.0,False,4,0.46609689003582566,1,
19,32,0.8899732769152223,True,5,0.49609448046091753,3,
19,33,0.0,False,3,0.3000449312386093,4,
19,34,0.344195505790037,False,3,0.4649883933060485,1,
19,35,0.0,False,4,0.3231315571529736,2,
19,36,1.0,True,5,0.40807851399350803,4,
19,37,0.8172065990323201,True,4,0.3845015574528253,4,
19,38,0.7084592993380032,True,5,0.4193047562352761,2,
19,39,0.5164143356527653,True,5,0.4418226765667274,1,
19,40,0.5372628181586248,True,2,0.5230365604895485,4,
19,41,0.6101049058734327,True,3,0.4613027338089088,2,
19,42,0.49091770975788773,True,3,0.5070140728577369,3,
19,43,0.7643012331401187,True,5,0.5028150478354345,4,
19,44,0.0,False,3,0.32266732835300116,1,
19,45,0.34832200764502136,True,3,0.5451099686480065,3,
19,46,0.6252846926806552,True,4,0.5068992570516095,4,
19,47,0.6225391968483914,True,5,0.5333653406147344,4,
19,48,0.6085771841113498,True,4,0.5180262581503076,3,
19,49,0.568012779872437,True,4,0.5187811812498772,2,
